model,target_tokens,actual_tokens,latency_ms,tps,prompt,output_text
shisa-v2.1-llama3.2-3b,64,96,4020.481586456299,23.877736518777485,人工知能（AI）とは何か、小学生にもわかるように一言で説明してください。," AIとは、**知っていることやできることを、コンピューターに教える**ことです。  
例えば、AIが「猫の名前は？」「3＋2は？」と聞かれれば、人に教わった知識を使って答えます。  

**例えるなら**、  
- **先生**が本を教える → **AI**がコンピューターに本を教える  
- **おも"
shisa-v2.1-llama3.2-3b,128,192,7828.3891677856445,24.52611844976909,日本の四季（春・夏・秋・冬）それぞれの魅力を、箇条書きで簡潔に紹介してください。," 日本の四季、それぞれの魅力を箇条書きで簡潔に紹介します。

**春:**
- 新緑が美しい
- 桜の開花（花見）
- 温暖な気候で外出が楽しめる
- 昆布や山菜の収穫が始まる
- 動物たちの子育て期（子猫や子鹿の姿）

**夏:**
- 湿気の多い穏やかな気候
- 海水浴やマリンスポーツが楽しめる
- 祭りや花火大会が盛り上がる
- 熱帯果実やイチゴなどの新鮮なフルーツ
- 夕立や虹の美しさ

**秋:**
- 紅葉が美しい
- 温かい日差しと涼しい夜"
shisa-v2.1-llama3.2-3b,256,384,15780.402183532715,24.333980562340457,『深夜のコンビニ』という題名で、店内の独特の静けさや客の様子を、五感（視覚・聴覚・嗅覚など）を使った表現を入れて描写してください。," **『深夜のコンビニ』**  

コンビニの店内は、深夜の闇に包まれている。外では車の音が遠くで唸るが、ここでは時間が止まったかのように静まり返っている。  

**視覚**：照明は薄暗く、青白いLEDが壁にゆらめく。冷蔵庫の奥では、消えかけた商品が影に溶け込んでいる。カウンターの奥には、影がひっそりと立っている。  

**聴覚**：冷蔵庫のドアが静かに開閉する音だけが響く。時折、自動販売機のボタンが押されるような微かな音がする。レジの音が鈍く響き、閉店を告げるように静かに消える。  

**嗅覚**：コンビニ特有の甘い香りが漂う。コーヒーの焦げたような香りと、焼きたてのパンも混ざり、どこか懐かしい気分を呼び起こす。水の清涼感と、カップの熱いコーヒーが混ざり合うような複雑な香り。  

**触覚**：冷たいコンクリートの床が足の裏に冷たく触れる。カウンターの冷たい表面が指先に伝わる。手のひらに乗った冷蔵庫のドアを握ると、冷気が指先に伝わる。  

**味覚**：喉に乗るのは、すっきりとした水と、甘いお菓子の余韻。コーヒーの苦さが口の中に広がり、深夜の静"
shisa-v2.1-llama3.2-3b,512,768,31076.019048690796,24.713590205897212,リモートワークの導入によるメリットとデメリットについて、働く側と企業側の双方の視点から詳しく論じてください。それぞれ3つ以上の具体的なポイントを挙げ、理由とともに説明してください。," リモートワークの導入は、近年急速に普及しており、そのメリットとデメリットを双方の視点から詳しく見ていきましょう。以下に、働く側と企業側それぞれの視点から、3つ以上の具体的なポイントを挙げ、その理由とともに説明します。

---

### **働く側の視点からのメリットとデメリット**

#### **メリット**
1. **ワークライフバランスの改善**  
   - **理由**: リモートワークにより通勤時間が削減され、家族との時間や趣味に費やす時間が増えます。これによりストレスが軽減され、心身の健康が向上します。また、柔軟な働き方が可能なため、育児や介護などのライフイベントにも対応しやすくなります。  
   - **具体例**: テレワークを活用して子育て中の親が仕事と両立しやすくなる、早朝の散歩を取り入れて心身のリフレッシュができるなど。

2. **柔軟な働き方の実現**  
   - **理由**: 時間や場所に縛られずに仕事ができるため、集中しやすい環境を選べる、あるいは家族の邪魔が少ない時間帯に集中できるなど、個人の状況に合わせた働き方が可能です。  
   - **具体例**: 子どもの授業時間に合わせて仕事時間を調整できる、朝型と夜型の勤務を選択できるなど。

3. **通勤時間の削減と経済的負担の軽減**  
   - **理由**: 通勤時間が削減されることで、移動費（交通費、ガソリン代、駐車料金など）や通勤中の疲労が減少し、経済的な負担が軽減されます。また、時間の有効活用にも繋がります。  
   - **具体例**: 通勤時間を趣味や自己啓発に充てる、家族との時間を増やすなど。

---

#### **デメリット**
1. **コミュニケーション不足と孤立感**  
   - **理由**: 対面でのコミュニケーションが減少し、チームワークや連携がうまくいかないことがあります。また、孤立感や孤独感を抱きやすく、心理的な負担が増える可能性があります。  
   - **具体例**: 重要な意思決定や緊急時の連絡が遅れる、チームメンバーとの交流が減り、モチベーションが低下するなど。

2. **自己管理能力の重要性**  
   - **理由**: リモートワークでは、上司や同僚とのコミュニケーションが少ないため、自己管理能力が求められます。仕事の進捗管理や時間管理が難しくなり、仕事とプライベートの境界線が曖昧になることもあります。  
   - **具体例**: 仕事とプライベートを切り離せずに疲弊する、タスクの優先順位付けが難しくなるなど。

3. **福利厚生の限界**  
   - **理由**: リモートワークでは、社内交流や研修"
shisa-v2.1-llama3.2-3b,1024,1292,52458.48798751831,24.628998081443207,22世紀、人類が火星に移住した後の日常を描いたSF小説を書いてください。主人公は火星生まれの最初の世代です。朝起きてから学校へ行くまでの様子を、火星の重力、窓から見える赤茶色の風景、特殊な食事、未来のテクノロジーなどの詳細な設定を盛り込みながら、できるだけ長く、詳細に書き続けてください。," **『火星の赤い朝』**  

---

**第1章：赤い地球の残響**  

宇宙ステーション「アレス・ハビタット」で生まれたのは、エレナ・ヴォルコフだった。彼女の母は地球からの移住者で、父は火星の最初の世代の火星生まれだった。エレナは赤い惑星の重力（約3.71m/s²）に慣れていたが、それでも地球の記憶を忘れられない。幼い頃から、彼女は地球の映像を眺め、青い空や緑の森を想像していた。  

「朝の訓練、準備よ！」  

エレナの頭を軽く叩くAIアシスタント「アキラ」が声をかける。彼女は目を覚まし、窓の外には赤茶色の砂漠が広がっていた。火星の夕焼けは地球のものとは違う——淡いピンクやオレンジのグラデーションが空を染め、太陽はゆっくりと沈む。  

「今日も火星の重力に慣れなきゃね」とエレナはつぶやき、ゆっくりと起床する。火星の重力は地球の約半分だが、彼女の体にはまだ慣れていない。起き上がるたびに、膝が軽く跳ね上がる。  

**第2章：赤い食卓**  

朝食は「レーシュ・ベース・システム（RBS）」で調理された混合栄養素からなるペーストだった。地球の食材は輸送コストが高いため、火星では合成食品が主流になっていた。しかし、エレナの母は地球のレシピを参考に、家庭で「地球風」な料理を試みていた。  

「今日はシチューだよ」と母は笑う。「地球の家庭料理を思い出させてあげる」  

彼女は火星の水（氷を融かしたもの）で野菜を茹で、牛肉の代わりに培養肉を使った。味は地球のものに近いが、甘さが足りない。エレナは「もっと砂糖が欲しいな」と呟く。  

**第3章：学校へ向かう道**  

火星の学校は地下に建設され、窓からは赤茶色の砂丘が見えた。エレナは重力のため、飛び跳ねるたびに足が重く感じる。彼女のクラスメイトは火星生まれだが、地球からの移住者の子供たちも多い。  

「また地球の映像見てる？」とクラスメイトのヤンが聞く。  

エレナはためらう。「地球はもうないよ。火星が僕たちの家になるんだ」  

ヤンは肩をすくめる。「でも、時々は想像するよ。青い空や緑の森が」と彼は微笑む。  

エレナは窓の外の赤い風景を見つめ、静かに頷く。地球の記憶は消えないが、火星はもう彼女の故郷だ。  

**第4章：未来のテクノロジー**  

学校から帰り、エレナはAIアシスタント「アキラ」に話しかける。  

「今日の授業はどうだった？」  

「全員の学習進捗を分析しました。特に重力適応のトレーニングに課題があるようです。明日の授業で補強します」  

エレナは少し呆れる。「AIみたいに完璧じゃないんだよ」  

「ご指摘ありがとうございます。しかし、火星での生活をサポートするために、私は必要な情報を提供します」  

彼女は窓を開け、赤茶色の風景を眺める。火星はまだ未開拓な土地だ。彼女の先祖はこの赤い星で新しい生活を始めた。  

**終章：赤い夕焼けの彼方へ**  

夕方、エレナは学校の前で転がる赤い砂丘を見つめる。彼女の父が若い頃、この砂丘で遊んだことを思い出す。  

「火星は僕たちの故郷になるんだ」とエレナは呟き、空を見上げる。  

夕焼けが空を染め、ピンクとオレンジのグラデーションが広がる。彼女は地球の記憶を胸に、火星の未来を信じる。  

**（完）**  

---

この小説は、火星移住後の人々の日常を描き、重力や食事、教育、テクノロジーなど、未来的な要素を詳しく盛り込みました。主人公エレナの成長と、火星と地球の間の葛藤や希望を描くことで、SFの世界観を表現しています。  

必要に応じて、さらに詳細や設定を追加することも可能です。例えば、火星の地下都市の生活や、火星産資源の利用、地球との交流などを深掘りすることもできます。  

さらに、主人公の視点から、火星の文化や社会の変化を描くことも可能です。例えば、火星生まれの子供たちのアイデンティティ、地球との関係性、火星の新しい伝統や文化などを掘り下げることで、物語に深みを与えることができます。  

何か追加の要望や修正点があれば、遠慮なくお知らせください。"
