model,target_tokens,actual_tokens,latency_ms,tps,steps,prompt,output_text
ELYZA-Diffusion-Instruct-1.0-Dream-7B,64,96,3196.077346801758,30.036820008772636,32,人工知能（AI）とは何か、小学生にもわかるように一言で説明してください。,"人工知能（AI）とは、パソコンやスマートフォンなどに働いた頭脳のようなプログラムのことです。このプログラムは、人間のように何かを学んだり、物事を考えたり、判断したりすることができます。例えば、写真から猫を認識したり、言葉をしたり、ゲームをしたりすることができます。AIは人間の頭脳に近いものですが、もっと速く、便利な働き方をしています。
"
ELYZA-Diffusion-Instruct-1.0-Dream-7B,128,192,3857.3219776153564,49.775466272768014,32,日本の四季（春・夏・秋・冬）それぞれの魅力を、箇条書きで簡潔に紹介してください。,"以下の通り、日本の四季の魅力を簡潔に紹介します。

### 春
- 桜
- 桜の祭り
- ボーリング祭り
- 春の味覚

### 夏
- 花火
- 海祭りや浴
- 夏の火祭り
- 夏祭り
- 花火祭り

### 秋
- 綺麗な紅葉
- りんご狩り
- 秋祭り
- 秋の火祭り
- 秋の味覚

### 冬
- 雪景色
- 冬のスポーツ
- 冬の正月
- 冬の火祭り
- 冬の祭り

日本の四季はそれぞれが異なる魅力を持ち、それぞれの時期の魅力を楽しむことができるでしょう。
"
ELYZA-Diffusion-Instruct-1.0-Dream-7B,256,384,5946.589946746826,64.57482413262295,32,『深夜のコンビニ』という題名で、店内の独特の静けさや客の様子を、五感（視覚・聴覚・嗅覚など）を使った表現を入れて描写してください。,"### 混夜のコンビニ

深夜の店内は、薄明かりの暗闇に包まれ、赤いネオン管が静寂を照らしている。店内の薄明かりは、客の瞳に触れ、静のの影を照らしている。この薄明かりは、深夜の静けさを一層引き立てている。

静かに店内に足を踏むと、エアコンの冷たさが肌を優しくくすぐる。冷蔵庫の冷たい空気は、店内の静けさをより一層強調している。この冷蔵気の中、ドーナツの香ばしい香りと、アイスの冷たい香りが、店内に静かに広がる。これらの香りは、店内の静けさに溶け込むように、深夜の静けさを強調している。

静かにドアが開く音がする。その音は、客の来店を示している。客が商品を手に取る、冷蔵庫の揺れる音と、ドアの開く閉まる音が、静かに店内に響く。レジの「ピコン」という電子音が、静の店内に一瞬の動きを加える。

客が商品を手に、静かにドアを出る。冷蔵庫の冷たい空気と、外の冷たさが、昼間の時間の流れを実感させる。客の瞳に映る店内薄明かりが、客の静かな姿を照らしている。

ピコン、またピコン。

深夜の静寂の中で、客の最後の音が静かに響き、深夜のコンビニの静が続く。
"
ELYZA-Diffusion-Instruct-1.0-Dream-7B,512,768,11101.674318313599,69.17875430132985,32,リモートワークの導入によるメリットとデメリットについて、働く側と企業側の双方の視点から詳しく論じてください。それぞれ3つ以上の具体的なポイントを挙げ、理由とともに説明してください。,"### リ�ートワークの導入メリットとデメリット：働く側と企業側の双方の視点からの解�明

### 働く側にとってのメリット

#### 1. 通勤時間の減少
- **理由**: 通勤時間が短くなることで、時間的な負担が軽減され、他の業務やプライベートの活動に充てようことができます。特に、通勤時間が長い場合、疲労やストレスが高まる可能性があるため、リモートワークはこれらの時間を削減し、生活の質を向上させることができます。

#### 2. ストレスの軽減
- **理由**: リモートワークでは、自宅で働くことができるため、オフィスでのストレスや、との人間関係のストレスが減ります。これにより、仕事のストレスが軽減され、より快適職事環境を送ることができます。特に、オフィスでの人間関係のストレスや、仕事のストレスが増まる可能性があるため、リモートワークはこれらのストレスを軽減減することができます。

#### 3. ワークバランスの実現
- **理由**: リモートワークでは、場宅や通勤時間の制約が減るため、家族との時間やプライベートな時間の確保しやすくなります。これにより、ワークライフバランスの実現が可能になり、より充実生活を送ることができます。特に、家族との時間やとの時間を大切にしたい場合、リモートワークはこれらの時間を確保し、生活の質を向上させることができます。

### 企業側にとってのデメリット

#### 1. コミュニケーションの不足
- **理由**: リモートワークでは、対面でのコミュニケーション機会が減るため、情報の共有やチーム間の目標の共有が難しくなる可能性があります。特に、適切なコミュニケーションツールの活用が不十分だと、チーム間のコミュニケーションの質が低下する可能性があります。これにより、従業員のモチベーションが低下し、チームの生産性が低下する可能性があります。

#### 2. 働き管理の困難
- **理由**: リモートワークでは、従業員の働き方管理が難しくなる可能性があります。特に、労働時間や成果の管理が難しくなる可能性がある可能性があります。また、これにつなが不足すると従業員のモチベーションの低下や、生産性の低下低下につながる可能性があります。これにより、適切な管理ツールの整備や、管理職の教育が必要となります。

#### 3. 人的コストの増加
- **理由**: リモートワークの導入には、新しいコミュニケーションツールの導入や、管理職の研修が必要となります。これらのコストは、特に小規模企業にとっては大きな負担となる可能性があります。また、リモートワークの導入には、コミュニケーションツールの整備や、管理職の教育も必要となります。

### 結論

以上のように、リモートワークの導入には働く側と企業側にとってのメリットとデメリットそれぞれがあります。働く側にとっては通勤時間の減少やストレスの削減、ワークライフバランスの実現などの大きなメリットがある一方で、企業側にとってはコミュニケーションの不足や働き管理の困難、人的コストの増加などのデメリットが存在します。これらの点を考慮しながら、リモートワークの導入には、最適なリモートワーク導入を進めることが重要です。
"
ELYZA-Diffusion-Instruct-1.0-Dream-7B,1024,1536,21861.022233963013,70.26203914717627,32,22世紀、人類が火星に移住した後の日常を描いたSF小説を書いてください。主人公は火星生まれの最初の世代です。朝起きてから学校へ行くまでの様子を、火星の重力、窓から見える赤茶色の風景、特殊な食事、未来のテクノロジーなどの詳細な設定を盛り込みながら、できるだけ長く、詳細に書き続けてください。,"22世紀、ある朝の火星の空は。ののののののののののののののののののののののののののののののののののののののののののののののののののののののののののののののののののののののののののののののののののののののののののののののののののののの、のの、ののののののののののののののののののののののののののののののののののののののののののののののののののののののののののののののののののののののののののののののののののののののののののののののののののののののののののののののの、のの、ののののののののののののののののののののののののののののののののののののののののののののののののののののののののののののののののののののののののの、ののののののののののののののののののののののののののののののののののののののののののののののののののののののののののののののののののののののののののののののののののののののののののののののののののののののののののののののののののののののののののののののののののののののののののののののののののののののののののののののののののののののののののののののののののののののののののののののののののののののののののののののののののののののののののののののののののののの、のの、のののののののののののののののののののののののののののののののののののののののののののののののののののののののののののののののののののののののののののののののののののののののののののののののののののののの、、の、、、、、、、、、、、、、、、、、、、、、、、、、、、、、、、、、、、、、、、、、、、、、、、、、、、、、、、、、、、、、、、、、、、、、、、、、、、、、、、、、、、、、、、、、、、、、、、、、、、、、、、、、、、、、、、、、、、、、、、、、、、、、、、、、、、、、、、、、、、、、、、、、、、、、、、、、、、、、、、、、、、、、、、、、、、、、、、、、、、、、、、、、、、、、、、、、、、、、、、、、、、、、、、、、、、、、、、、、、、、、、、、、、、、、、、、、、、、、、、、、、、、、、、、、、、、、、、、、、、、、、、、、、のののののののののののののののののののののののののののののののののののののののののののののののののののののののののののののののののののののののののののののののののののののののののののののののののののののののののののののののののののののののののののののののののののののののののののののののののののののののののののののののののののののののののののののののののののののののののののののののののの、、、、、、、、、、、、、、、、、、、、、、、、、、、、、、、、、、、、、、、、、、、、、、、、、、、、、、、、、、、、、、、、、、、、ののののののののののののののののののののののののののののののののののののののののののののののののののののののののののののののののののののののののののののののののののののののののののののののののののののの、のの、の、、、、、、、、、、、、、、、、、、、、、、、、、、、、、、、、、、、、、、、、、、、、、、、、、、、、、、、、、、、、、、、、、、、、、、、、、、、、、、、、、、、、、、、、、、、、、、、、、、、、、、、、、、、、、、、、、、、、、、、、、、、、、、、、、、、、、、、、、、、、、、、、、、、、、、、、、、、、、、、、、、、、、、、、、、、、、、、、、、、、、、、、、、、、、、、、、、、、、、、、、、、、、、、、、、、、、、、、、、、、、、、、、、、、、、、、、、、、、、、、、、、、、、、、、、、、、、。
"
